Date,Open,High,Low,Close,Volume,Dividends,Stock Splits,Ticker,Adj Close
2024-09-20 00:00:00-04:00,133.00999450683594,134.9499969482422,132.77000427246094,134.77000427246094,11569200.0,0.0,0.0,MMM,
2024-09-20 00:00:00-04:00,84.0199966430664,84.19000244140625,82.62000274658203,82.88999938964844,2338900.0,0.0,0.0,AOS,
2024-09-20 00:00:00-04:00,113.75,114.16000366210938,113.19999694824219,113.69999694824219,8403000.0,0.0,0.0,ABT,
2024-09-20 00:00:00-04:00,193.0,193.82000732421875,192.1300048828125,193.47000122070312,11659800.0,0.0,0.0,ABBV,
2024-09-20 00:00:00-04:00,332.32000732421875,336.3500061035156,331.8699951171875,336.2200012207031,5230500.0,0.0,0.0,ACN,
2024-09-20 00:00:00-04:00,526.4400024414062,528.6300048828125,515.719970703125,522.2999877929688,6099400.0,0.0,0.0,ADBE,
2024-09-20 00:00:00-04:00,156.0,157.4499969482422,152.47000122070312,155.9499969482422,40217800.0,0.0,0.0,AMD,
2024-09-20 00:00:00-04:00,19.15999984741211,19.15999984741211,18.739999771118164,18.899999618530273,19701600.0,0.0,0.0,AES,
2024-09-20 00:00:00-04:00,107.58000183105469,108.11000061035156,107.06999969482422,107.91999816894531,8461700.0,0.0,0.0,AFL,
2024-09-20 00:00:00-04:00,141.2100067138672,141.39999389648438,137.8800048828125,140.08999633789062,2612100.0,0.0,0.0,A,
2024-09-20 00:00:00-04:00,286.7900085449219,288.94000244140625,285.7300109863281,287.9800109863281,4148400.0,0.0,0.0,APD,
2024-09-20 00:00:00-04:00,129.8300018310547,131.9499969482422,129.02999877929688,131.17999267578125,12473700.0,0.0,0.0,ABNB,
2024-09-20 00:00:00-04:00,99.16000366210938,99.86000061035156,98.36000061035156,99.5199966430664,1880300.0,0.0,0.0,AKAM,
2024-09-20 00:00:00-04:00,88.47000122070312,88.97000122070312,85.44999694824219,86.02999877929688,4531400.0,0.0,0.0,ALB,
2024-09-20 00:00:00-04:00,121.3499984741211,121.93000030517578,119.7699966430664,121.25,1959600.0,0.0,0.0,ARE,
2024-09-20 00:00:00-04:00,254.74000549316406,255.02999877929688,248.94000244140625,252.85000610351562,862000.0,0.0,0.0,ALGN,
2024-09-20 00:00:00-04:00,142.74000549316406,142.77999877929688,140.02999877929688,140.39999389648438,1847700.0,0.48,0.0,ALLE,
2024-09-20 00:00:00-04:00,59.790000915527344,60.060001373291016,59.4900016784668,59.720001220703125,3115300.0,0.0,0.0,LNT,
2024-09-20 00:00:00-04:00,191.10000610351562,193.19000244140625,190.13999938964844,191.0,4397100.0,0.0,0.0,ALL,
2024-09-20 00:00:00-04:00,163.5,163.72999572753906,162.05999755859375,163.58999633789062,40878300.0,0.0,0.0,GOOGL,
2024-09-20 00:00:00-04:00,164.52000427246094,164.75,163.17999267578125,164.63999938964844,46343900.0,0.0,0.0,GOOG,
2024-09-20 00:00:00-04:00,50.25,50.400001525878906,49.91999816894531,50.38999938964844,21937100.0,0.0,0.0,MO,
2024-09-20 00:00:00-04:00,190.22999572753906,191.83999633789062,187.41000366210938,191.60000610351562,100337500.0,0.0,0.0,AMZN,
2024-09-20 00:00:00-04:00,11.039999961853027,11.079999923706055,10.869999885559082,10.899999618530273,16370400.0,0.0,0.0,AMCR,
2024-09-20 00:00:00-04:00,84.33999633789062,85.8499984741211,83.91000366210938,85.62000274658203,3814200.0,0.0,0.0,AEE,
2024-09-20 00:00:00-04:00,102.0,102.26000213623047,101.06999969482422,102.1500015258789,5393500.0,0.0,0.0,AEP,
2024-09-20 00:00:00-04:00,268.3999938964844,271.489990234375,266.95001220703125,268.989990234375,5846100.0,0.0,0.0,AXP,
2024-09-20 00:00:00-04:00,73.44999694824219,73.94000244140625,73.06999969482422,73.76000213623047,15499800.0,0.0,0.0,AIG,
2024-09-20 00:00:00-04:00,231.66000366210938,235.33999633789062,230.74000549316406,235.05999755859375,3682600.0,0.0,0.0,AMT,
2024-09-20 00:00:00-04:00,149.0800018310547,149.1300048828125,145.74000549316406,147.22999572753906,3349800.0,0.0,0.0,AWK,
2024-09-20 00:00:00-04:00,464.07000732421875,465.82000732421875,458.6099853515625,460.6099853515625,1061000.0,0.0,0.0,AMP,
2024-09-20 00:00:00-04:00,171.27000427246094,171.38999938964844,170.02000427246094,171.10000610351562,1237500.0,0.0,0.0,AME,
2024-09-20 00:00:00-04:00,335.1499938964844,338.9700012207031,334.2699890136719,337.3800048828125,4067900.0,0.0,0.0,AMGN,
2024-09-20 00:00:00-04:00,65.19000244140625,65.98999786376953,64.98999786376953,65.91000366210938,8004000.0,0.0,0.0,APH,
2024-09-20 00:00:00-04:00,231.97000122070312,232.47999572753906,224.35000610351562,226.77999877929688,5009500.0,0.0,0.0,ADI,
2024-09-20 00:00:00-04:00,321.5400085449219,321.5400085449219,317.0,320.25,732100.0,0.0,0.0,ANSS,
2024-09-20 00:00:00-04:00,347.04998779296875,349.5899963378906,344.8800048828125,347.0299987792969,1581600.0,0.0,0.0,AON,
2024-09-20 00:00:00-04:00,25.25,25.25,24.700000762939453,25.06999969482422,8762400.0,0.0,0.0,APA,
2024-09-20 00:00:00-04:00,229.97000122070312,233.08999633789062,227.6199951171875,228.1999969482422,318582200.0,0.0,0.0,AAPL,
2024-09-20 00:00:00-04:00,194.35000610351562,195.52999877929688,189.47000122070312,192.16000366210938,14305700.0,0.0,0.0,AMAT,
2024-09-20 00:00:00-04:00,70.80999755859375,70.97000122070312,69.70999908447266,69.83999633789062,7778800.0,0.0,0.0,APTV,
2024-09-20 00:00:00-04:00,111.55000305175781,113.41999816894531,110.66000366210938,113.23999786376953,3369100.0,0.0,0.0,ACGL,
2024-09-20 00:00:00-04:00,62.2400016784668,62.2400016784668,60.91999816894531,61.36000061035156,11786600.0,0.0,0.0,ADM,
2024-09-20 00:00:00-04:00,377.4800109863281,385.5,377.0679931640625,384.4599914550781,2734100.0,0.0,0.0,ANET,
2024-09-20 00:00:00-04:00,279.6099853515625,281.1300048828125,274.25,276.05999755859375,2482800.0,0.0,0.0,AJG,
2024-09-20 00:00:00-04:00,194.10000610351562,195.4499969482422,193.17999267578125,194.27000427246094,771200.0,0.0,0.0,AIZ,
2024-09-20 00:00:00-04:00,21.299999237060547,21.6200008392334,21.229999542236328,21.540000915527344,94150100.0,0.0,0.0,T,
2024-09-20 00:00:00-04:00,137.4199981689453,137.4199981689453,135.3699951171875,136.55999755859375,2146600.0,0.0,0.0,ATO,
2024-09-20 00:00:00-04:00,270.5799865722656,272.7200012207031,266.5,267.2900085449219,2551400.0,0.0,0.0,ADSK,
2024-09-20 00:00:00-04:00,276.7799987792969,278.010009765625,274.29998779296875,276.4100036621094,3271200.0,0.0,0.0,ADP,
2024-09-20 00:00:00-04:00,3038.260009765625,3056.56005859375,3005.10009765625,3020.659912109375,281300.0,0.0,0.0,AZO,
2024-09-20 00:00:00-04:00,229.66000366210938,230.8000030517578,228.5399932861328,230.05999755859375,1696600.0,0.0,0.0,AVB,
2024-09-20 00:00:00-04:00,216.14999389648438,216.14999389648438,210.9600067138672,211.5800018310547,1533700.0,0.0,0.0,AVY,
2024-09-20 00:00:00-04:00,387.07000732421875,393.5799865722656,387.05999755859375,393.2900085449219,1202000.0,0.0,0.0,AXON,
2024-09-20 00:00:00-04:00,36.40999984741211,36.45000076293945,35.77000045776367,36.040000915527344,12710300.0,0.0,0.0,BKR,
2024-09-20 00:00:00-04:00,66.9800033569336,66.9800033569336,65.91000366210938,66.30999755859375,4607800.0,0.0,0.0,BALL,
2024-09-20 00:00:00-04:00,40.619998931884766,40.72999954223633,40.2400016784668,40.27000045776367,70701600.0,0.0,0.0,BAC,
2024-09-20 00:00:00-04:00,71.48999786376953,71.95999908447266,71.18000030517578,71.81999969482422,8684500.0,0.0,0.0,BK,
2024-09-20 00:00:00-04:00,29.81999969482422,29.93000030517578,28.959999084472656,29.280000686645508,9059400.0,0.0,0.0,BBWI,
2024-09-20 00:00:00-04:00,38.5,38.79999923706055,38.27000045776367,38.4900016784668,5224000.0,0.0,0.0,BAX,
2024-09-20 00:00:00-04:00,233.30999755859375,234.19000244140625,231.52999877929688,233.5,2232000.0,0.0,0.0,BDX,
2024-09-20 00:00:00-04:00,98.37000274658203,98.5,96.7699966430664,97.30000305175781,3241400.0,0.0,0.0,BBY,
2024-09-20 00:00:00-04:00,79.7300033569336,79.98999786376953,77.37999725341797,78.30000305175781,1558300.0,0.0,0.0,TECH,
2024-09-20 00:00:00-04:00,200.00999450683594,200.3699951171875,196.97000122070312,199.36000061035156,3833500.0,0.0,0.0,BIIB,
2024-09-20 00:00:00-04:00,930.6699829101562,931.7899780273438,924.6300048828125,928.7899780273438,970100.0,0.0,0.0,BLK,
2024-09-20 00:00:00-04:00,159.83999633789062,161.25,157.8300018310547,158.1199951171875,5539200.0,0.0,0.0,BX,
2024-09-20 00:00:00-04:00,154.00999450683594,154.63999938964844,152.60000610351562,153.2899932861328,13910600.0,0.0,0.0,BA,
2024-09-20 00:00:00-04:00,4009.669921875,4067.4599609375,3985.570068359375,4064.010009765625,443900.0,0.0,0.0,BKNG,
2024-09-20 00:00:00-04:00,34.529998779296875,34.529998779296875,33.29999923706055,33.400001525878906,11094500.0,0.0,0.0,BWA,
2024-09-20 00:00:00-04:00,83.55999755859375,84.05000305175781,83.0999984741211,83.91999816894531,6966900.0,0.0,0.0,BSX,
2024-09-20 00:00:00-04:00,49.290000915527344,49.529998779296875,49.0,49.40999984741211,27105600.0,0.0,0.0,BMY,
2024-09-20 00:00:00-04:00,167.17999267578125,172.02000427246094,166.47000122070312,171.10000610351562,91735000.0,0.0,0.0,AVGO,
2024-09-20 00:00:00-04:00,208.38999938964844,209.1999969482422,207.2100067138672,208.22000122070312,1172500.0,0.0,0.0,BR,
2024-09-20 00:00:00-04:00,101.30000305175781,101.44999694824219,99.69000244140625,101.01000213623047,3804500.0,0.0,0.0,BRO,
2024-09-20 00:00:00-04:00,201.5,201.63999938964844,197.33999633789062,197.74000549316406,4084800.0,0.0,0.0,BLDR,
2024-09-20 00:00:00-04:00,100.12999725341797,100.16000366210938,97.62000274658203,98.80000305175781,5880500.0,0.0,0.0,BG,
2024-09-20 00:00:00-04:00,81.8499984741211,82.08999633789062,80.80000305175781,81.0199966430664,2453900.0,0.0,0.0,BXP,
2024-09-20 00:00:00-04:00,102.73999786376953,104.58999633789062,100.91000366210938,104.19999694824219,7033600.0,0.0,0.0,CHRW,
2024-09-20 00:00:00-04:00,278.5799865722656,279.9700012207031,273.5400085449219,273.760009765625,2983900.0,0.0,0.0,CDNS,
2024-09-20 00:00:00-04:00,41.310001373291016,41.650001525878906,40.36000061035156,41.45000076293945,7842900.0,0.0,0.0,CZR,
2024-09-20 00:00:00-04:00,125.98999786376953,126.2699966430664,124.62000274658203,125.20999908447266,1551700.0,0.0,0.0,CPT,
2024-09-20 00:00:00-04:00,51.150001525878906,51.7400016784668,51.150001525878906,51.209999084472656,5845300.0,0.0,0.0,CPB,
2024-09-20 00:00:00-04:00,153.36000061035156,153.36000061035156,150.7100067138672,152.27999877929688,3417000.0,0.0,0.0,COF,
2024-09-20 00:00:00-04:00,110.47000122070312,111.87000274658203,110.30000305175781,111.83999633789062,3291100.0,0.0,0.0,CAH,
2024-09-20 00:00:00-04:00,77.1500015258789,77.91000366210938,75.52999877929688,76.0999984741211,3706700.0,0.0,0.0,KMX,
2024-09-20 00:00:00-04:00,18.700000762939453,19.09000015258789,18.549999237060547,19.0,36551000.0,0.0,0.0,CCL,
2024-09-20 00:00:00-04:00,79.87000274658203,80.68000030517578,79.48999786376953,79.91999816894531,5257800.0,0.0,0.0,CARR,
2024-09-20 00:00:00-04:00,60.150001525878906,60.290000915527344,59.75,60.0,3535300.0,0.0,0.0,CTLT,
2024-09-20 00:00:00-04:00,370.3999938964844,371.45001220703125,365.8399963378906,368.82000732421875,5438400.0,0.0,0.0,CAT,
2024-09-20 00:00:00-04:00,207.41000366210938,208.97999572753906,206.74000549316406,208.2100067138672,1700100.0,0.0,0.0,CBOE,
2024-09-20 00:00:00-04:00,121.2699966430664,122.29000091552734,120.75,121.5999984741211,3501700.0,0.0,0.0,CBRE,
2024-09-20 00:00:00-04:00,230.86000061035156,230.86000061035156,223.52999877929688,225.3000030517578,1749900.0,0.0,0.0,CDW,
2024-09-20 00:00:00-04:00,128.97999572753906,129.38999938964844,126.33999633789062,126.9000015258789,3459500.0,0.0,0.0,CE,
2024-09-20 00:00:00-04:00,230.27000427246094,232.49000549316406,224.72000122070312,228.11000061035156,6646800.0,0.0,0.0,COR,
2024-09-20 00:00:00-04:00,75.33999633789062,75.8499984741211,75.1500015258789,75.61000061035156,6827900.0,0.0,0.0,CNC,
2024-09-20 00:00:00-04:00,28.40999984741211,28.40999984741211,27.920000076293945,28.170000076293945,16768000.0,0.0,0.0,CNP,
2024-09-20 00:00:00-04:00,82.52999877929688,82.9000015258789,81.5199966430664,81.61000061035156,5249600.0,0.0,0.0,CF,
2024-09-20 00:00:00-04:00,207.5800018310547,208.02999877929688,203.32000732421875,205.7899932861328,1173100.0,0.0,0.0,CRL,
2024-09-20 00:00:00-04:00,65.69000244140625,65.97000122070312,64.52999877929688,65.38999938964844,12329500.0,0.0,0.0,SCHW,
2024-09-20 00:00:00-04:00,332.8699951171875,336.989990234375,327.6499938964844,330.3999938964844,2577600.0,0.0,0.0,CHTR,
2024-09-20 00:00:00-04:00,145.22999572753906,145.91000366210938,143.44000244140625,145.67999267578125,23155300.0,0.0,0.0,CVX,
2024-09-20 00:00:00-04:00,57.68000030517578,58.18000030517578,56.9900016784668,57.22999954223633,14681100.0,0.0,0.0,CMG,
2024-09-20 00:00:00-04:00,290.3299865722656,291.9700012207031,288.0,290.6600036621094,9796600.0,0.0,0.0,CB,
2024-09-20 00:00:00-04:00,101.58999633789062,103.83999633789062,101.58999633789062,103.4000015258789,4692100.0,0.0,0.0,CHD,
2024-09-20 00:00:00-04:00,356.75,358.9100036621094,352.010009765625,356.1400146484375,2900900.0,0.0,0.0,CI,
2024-09-20 00:00:00-04:00,135.32000732421875,135.86000061035156,134.42999267578125,134.6300048828125,1523000.0,0.0,0.0,CINF,
2024-09-20 00:00:00-04:00,203.7899932861328,204.6999969482422,202.64999389648438,204.16000366210938,3160200.0,0.0,0.0,CTAS,
2024-09-20 00:00:00-04:00,51.45000076293945,52.33000183105469,51.41999816894531,51.970001220703125,44095300.0,0.0,0.0,CSCO,
2024-09-20 00:00:00-04:00,62.52000045776367,62.650001525878906,61.68000030517578,62.13999938964844,18331300.0,0.0,0.0,C,
2024-09-20 00:00:00-04:00,42.029998779296875,42.040000915527344,41.3849983215332,41.650001525878906,9965700.0,0.0,0.0,CFG,
2024-09-20 00:00:00-04:00,161.9499969482422,164.3699951171875,161.5,163.3300018310547,2749300.0,0.0,0.0,CLX,
2024-09-20 00:00:00-04:00,213.63999938964844,215.07000732421875,212.3800048828125,213.16000366210938,2898600.0,0.0,0.0,CME,
2024-09-20 00:00:00-04:00,69.36000061035156,69.95999908447266,69.1500015258789,69.83999633789062,4018900.0,0.0,0.0,CMS,
2024-09-20 00:00:00-04:00,70.41000366210938,71.80000305175781,70.37999725341797,71.63999938964844,48566900.0,0.0,0.0,KO,
2024-09-20 00:00:00-04:00,75.22000122070312,75.6500015258789,74.79000091552734,75.63999938964844,5605100.0,0.0,0.0,CTSH,
2024-09-20 00:00:00-04:00,102.27999877929688,103.05999755859375,101.87000274658203,103.05999755859375,10924800.0,0.0,0.0,CL,
2024-09-20 00:00:00-04:00,40.220001220703125,40.63999938964844,39.939998626708984,40.11000061035156,59666400.0,0.0,0.0,CMCSA,
2024-09-20 00:00:00-04:00,32.720001220703125,32.75,32.29999923706055,32.29999923706055,20169300.0,0.0,0.0,CAG,
2024-09-20 00:00:00-04:00,111.16000366210938,111.73999786376953,109.7300033569336,109.87000274658203,33513200.0,0.0,0.0,COP,
2024-09-20 00:00:00-04:00,102.2300033569336,103.56999969482422,101.9800033569336,103.3499984741211,3492600.0,0.0,0.0,ED,
2024-09-20 00:00:00-04:00,247.77000427246094,249.19000244140625,247.27000427246094,248.08999633789062,2773100.0,0.0,0.0,STZ,
2024-09-20 00:00:00-04:00,235.16000366210938,255.24000549316406,233.0,254.97999572753906,15006900.0,0.0,0.0,CEG,
2024-09-20 00:00:00-04:00,110.37999725341797,111.01000213623047,109.44000244140625,110.48999786376953,1914500.0,0.0,0.0,COO,
2024-09-20 00:00:00-04:00,51.84000015258789,51.84000015258789,51.150001525878906,51.439998626708984,8640400.0,0.0,0.0,CPRT,
2024-09-20 00:00:00-04:00,44.060001373291016,44.52000045776367,44.0099983215332,44.5,10034200.0,0.0,0.0,GLW,
2024-09-20 00:00:00-04:00,311.04998779296875,312.32000732421875,305.2300109863281,307.2099914550781,888600.0,0.0,0.0,CPAY,
2024-09-20 00:00:00-04:00,58.04999923706055,58.04999923706055,57.0099983215332,57.58000183105469,8144000.0,0.0,0.0,CTVA,
2024-09-20 00:00:00-04:00,78.98999786376953,79.0,76.7300033569336,77.37000274658203,2934100.0,0.0,0.0,CSGP,
2024-09-20 00:00:00-04:00,901.5700073242188,907.8099975585938,895.7000122070312,906.97998046875,4656200.0,0.0,0.0,COST,
2024-09-20 00:00:00-04:00,23.549999237060547,23.729999542236328,23.239999771118164,23.65999984741211,9066700.0,0.0,0.0,CTRA,
2024-09-20 00:00:00-04:00,284.1300048828125,300.45001220703125,283.8800048828125,299.8500061035156,17856000.0,0.0,0.0,CRWD,
2024-09-20 00:00:00-04:00,114.44000244140625,115.69999694824219,114.22000122070312,115.33000183105469,4667600.0,0.0,0.0,CCI,
2024-09-20 00:00:00-04:00,34.65999984741211,34.959999084472656,34.27000045776367,34.93000030517578,31214000.0,0.0,0.0,CSX,
2024-09-20 00:00:00-04:00,307.1199951171875,308.9700012207031,305.54998779296875,308.239990234375,991500.0,0.0,0.0,CMI,
2024-09-20 00:00:00-04:00,58.0,58.08000183105469,57.130001068115234,57.5099983215332,10238200.0,0.0,0.0,CVS,
2024-09-20 00:00:00-04:00,275.2799987792969,275.2799987792969,270.260009765625,272.6300048828125,9262700.0,0.0,0.0,DHR,
2024-09-20 00:00:00-04:00,172.6699981689453,172.6699981689453,169.0,170.1699981689453,2870800.0,0.0,0.0,DRI,
2024-09-20 00:00:00-04:00,163.1300048828125,165.1699981689453,161.6699981689453,164.0,2139300.0,0.0,0.0,DVA,
2024-09-20 00:00:00-04:00,59.349998474121094,59.349998474121094,58.119998931884766,58.90999984741211,3215600.0,0.0,0.0,DAY,
2024-09-20 00:00:00-04:00,147.97999572753906,151.27999877929688,146.2100067138672,150.72999572753906,4512900.0,0.0,0.0,DECK,
2024-09-20 00:00:00-04:00,406.6199951171875,409.9100036621094,402.4800109863281,405.8900146484375,2709400.0,0.0,0.0,DE,
2024-09-20 00:00:00-04:00,116.5,119.05000305175781,115.08000183105469,117.5,75323400.0,0.0,0.0,DELL,
2024-09-20 00:00:00-04:00,47.060001373291016,47.15999984741211,46.52000045776367,46.939998626708984,9728200.0,0.0,0.0,DAL,
2024-09-20 00:00:00-04:00,40.790000915527344,40.88999938964844,40.20000076293945,40.790000915527344,12846500.0,0.0,0.0,DVN,
2024-09-20 00:00:00-04:00,71.91000366210938,71.91000366210938,69.70999908447266,70.43000030517578,7711700.0,0.0,0.0,DXCM,
2024-09-20 00:00:00-04:00,179.27000427246094,182.17999267578125,178.0500030517578,181.0,7854700.0,0.0,0.0,FANG,
2024-09-20 00:00:00-04:00,157.3800048828125,160.33999633789062,157.14999389648438,158.6999969482422,7232200.0,0.0,0.0,DLR,
2024-09-20 00:00:00-04:00,143.5,143.6999969482422,141.07000732421875,142.49000549316406,2016900.0,0.0,0.0,DFS,
2024-09-20 00:00:00-04:00,86.18000030517578,86.38999938964844,84.52999877929688,86.01000213623047,7964800.0,0.0,0.0,DG,
2024-09-20 00:00:00-04:00,73.69000244140625,73.69999694824219,71.0,71.7300033569336,7963000.0,0.0,0.0,DLTR,
2024-09-20 00:00:00-04:00,57.7400016784668,57.9900016784668,57.18000030517578,57.93000030517578,9329500.0,0.0,0.0,D,
2024-09-20 00:00:00-04:00,412.4700012207031,414.7900085449219,409.8999938964844,414.4200134277344,766900.0,0.0,0.0,DPZ,
2024-09-20 00:00:00-04:00,189.5800018310547,190.97000122070312,188.36000061035156,189.1199951171875,1622200.0,0.0,0.0,DOV,
2024-09-20 00:00:00-04:00,52.63999938964844,52.79999923706055,51.29999923706055,51.709999084472656,8465700.0,0.0,0.0,DOW,
2024-09-20 00:00:00-04:00,192.47000122070312,194.36000061035156,191.0399932861328,191.88999938964844,5339900.0,0.0,0.0,DHI,
2024-09-20 00:00:00-04:00,123.5999984741211,125.4800033569336,123.04000091552734,125.08999633789062,1834200.0,0.0,0.0,DTE,
2024-09-20 00:00:00-04:00,115.66000366210938,116.66999816894531,115.33999633789062,116.37000274658203,6276500.0,0.0,0.0,DUK,
2024-09-20 00:00:00-04:00,82.58000183105469,83.63999938964844,81.75,83.33999633789062,3557300.0,0.0,0.0,DD,
2024-09-20 00:00:00-04:00,107.33999633789062,107.33999633789062,105.81999969482422,106.62999725341797,1442400.0,0.0,0.0,EMN,
2024-09-20 00:00:00-04:00,326.67999267578125,331.4200134277344,326.0,330.6000061035156,3631400.0,0.0,0.0,ETN,
2024-09-20 00:00:00-04:00,62.689998626708984,63.369998931884766,62.25,62.720001220703125,19791000.0,0.0,0.0,EBAY,
2024-09-20 00:00:00-04:00,250.3000030517578,251.4600067138672,248.63999938964844,251.44000244140625,2334400.0,0.0,0.0,ECL,
2024-09-20 00:00:00-04:00,84.12999725341797,85.61000061035156,83.56999969482422,85.43000030517578,4678900.0,0.0,0.0,EIX,
2024-09-20 00:00:00-04:00,66.87999725341797,67.66999816894531,66.37999725341797,66.83000183105469,10862800.0,0.0,0.0,EW,
2024-09-20 00:00:00-04:00,139.94000244140625,140.44000244140625,138.5800018310547,139.5500030517578,4581500.0,0.0,0.0,EA,
2024-09-20 00:00:00-04:00,536.969970703125,540.2899780273438,536.030029296875,539.8599853515625,1677100.0,0.0,0.0,ELV,
2024-09-20 00:00:00-04:00,105.2300033569336,105.88999938964844,104.27999877929688,105.16000366210938,8125400.0,0.0,0.0,EMR,
2024-09-20 00:00:00-04:00,117.30999755859375,117.94000244140625,113.04000091552734,114.9000015258789,3700000.0,0.0,0.0,ENPH,
2024-09-20 00:00:00-04:00,128.8000030517578,129.6999969482422,127.9000015258789,129.25,3154400.0,0.0,0.0,ETR,
2024-09-20 00:00:00-04:00,125.05000305175781,126.16000366210938,123.94999694824219,126.02999877929688,9400800.0,0.0,0.0,EOG,
2024-09-20 00:00:00-04:00,193.77999877929688,197.83999633789062,192.97999572753906,197.0,2473200.0,0.0,0.0,EPAM,
2024-09-20 00:00:00-04:00,34.56999969482422,35.150001525878906,34.0099983215332,34.83000183105469,10596200.0,0.0,0.0,EQT,
2024-09-20 00:00:00-04:00,300.4599914550781,301.4700012207031,297.6199951171875,299.0899963378906,3150900.0,0.0,0.0,EFX,
2024-09-20 00:00:00-04:00,865.7999877929688,886.5,862.9500122070312,877.2000122070312,1240600.0,0.0,0.0,EQIX,
2024-09-20 00:00:00-04:00,77.01000213623047,77.16000366210938,76.27999877929688,76.58000183105469,4481100.0,0.0,0.0,EQR,
2024-09-20 00:00:00-04:00,526.760009765625,530.2100219726562,517.010009765625,521.010009765625,5408500.0,0.0,0.0,ERIE,
2024-09-20 00:00:00-04:00,312.510009765625,312.9700012207031,305.760009765625,306.2099914550781,1278100.0,0.0,0.0,ESS,
2024-09-20 00:00:00-04:00,86.72000122070312,87.12999725341797,84.5199966430664,85.01000213623047,9788600.0,0.0,0.0,EL,
2024-09-20 00:00:00-04:00,388.6300048828125,391.8500061035156,385.9700012207031,387.5,718000.0,0.0,0.0,EG,
2024-09-20 00:00:00-04:00,61.52000045776367,61.83000183105469,61.040000915527344,61.650001525878906,3699800.0,0.0,0.0,EVRG,
2024-09-20 00:00:00-04:00,67.13999938964844,67.54000091552734,66.7699966430664,67.13999938964844,4668600.0,0.0,0.0,ES,
2024-09-20 00:00:00-04:00,39.650001525878906,40.7599983215332,39.52000045776367,40.27000045776367,18779400.0,0.0,0.0,EXC,
2024-09-20 00:00:00-04:00,142.5399932861328,144.17999267578125,141.63999938964844,144.0399932861328,2647500.0,0.0,0.0,EXPE,
2024-09-20 00:00:00-04:00,125.51000213623047,125.9000015258789,122.48999786376953,123.18000030517578,1864200.0,0.0,0.0,EXPD,
2024-09-20 00:00:00-04:00,178.33999633789062,180.60000610351562,177.1999969482422,180.41000366210938,2421600.0,0.0,0.0,EXR,
2024-09-20 00:00:00-04:00,115.45999908447266,115.51000213623047,114.25,115.2699966430664,36204900.0,0.0,0.0,XOM,
2024-09-20 00:00:00-04:00,217.8699951171875,221.1199951171875,215.6699981689453,219.24000549316406,2302200.0,0.0,0.0,FFIV,
2024-09-20 00:00:00-04:00,465.0,470.0,457.5199890136719,465.9100036621094,583100.0,0.0,0.0,FDS,
2024-09-20 00:00:00-04:00,1925.1700439453125,1951.4000244140625,1923.949951171875,1934.6300048828125,294800.0,0.0,0.0,FICO,
2024-09-20 00:00:00-04:00,71.02999877929688,71.02999877929688,70.1500015258789,70.75,4673100.0,0.0,0.0,FAST,
2024-09-20 00:00:00-04:00,113.0,114.30999755859375,112.8499984741211,113.02999877929688,2570600.0,0.0,0.0,FRT,
2024-09-20 00:00:00-04:00,260.7699890136719,262.55999755859375,253.5,254.63999938964844,17440600.0,0.0,0.0,FDX,
2024-09-20 00:00:00-04:00,83.48999786376953,84.0999984741211,83.31999969482422,84.05999755859375,6188700.0,0.0,0.0,FIS,
2024-09-20 00:00:00-04:00,43.66999816894531,43.66999816894531,43.04999923706055,43.2400016784668,9004800.0,0.0,0.0,FITB,
2024-09-20 00:00:00-04:00,236.14999389648438,241.6300048828125,234.7899932861328,240.1999969482422,1899500.0,0.0,0.0,FSLR,
2024-09-20 00:00:00-04:00,43.4900016784668,44.06999969482422,43.189998626708984,44.0,7857200.0,0.0,0.0,FE,
2024-09-20 00:00:00-04:00,178.17999267578125,178.25,176.1699981689453,177.61000061035156,6021100.0,0.0,0.0,FI,
2024-09-20 00:00:00-04:00,63.900001525878906,63.91999816894531,62.0099983215332,62.040000915527344,3781500.0,0.0,0.0,FMC,
2024-09-20 00:00:00-04:00,10.859999656677246,10.880000114440918,10.6899995803833,10.880000114440918,68736600.0,0.0,0.0,F,
2024-09-20 00:00:00-04:00,75.5199966430664,76.86000061035156,75.5199966430664,76.77999877929688,12542100.0,0.0,0.0,FTNT,
2024-09-20 00:00:00-04:00,76.58000183105469,76.77999877929688,75.61499786376953,76.33999633789062,3698300.0,0.0,0.0,FTV,
2024-09-20 00:00:00-04:00,40.79999923706055,41.20000076293945,40.20000076293945,40.209999084472656,15009400.0,0.0,0.0,FOXA,
2024-09-20 00:00:00-04:00,37.65999984741211,38.18899917602539,37.27000045776367,37.279998779296875,2930600.0,0.0,0.0,FOX,
2024-09-20 00:00:00-04:00,20.770000457763672,20.850000381469727,20.469999313354492,20.809999465942383,13472600.0,0.0,0.0,BEN,
2024-09-20 00:00:00-04:00,44.68000030517578,44.869998931884766,44.36000061035156,44.529998779296875,16301400.0,0.0,0.0,FCX,
2024-09-20 00:00:00-04:00,170.0,171.75999450683594,169.25999450683594,171.0,1447100.0,0.0,0.0,GRMN,
2024-09-20 00:00:00-04:00,511.79998779296875,515.4000244140625,506.6400146484375,513.5900268554688,709000.0,0.0,0.0,IT,
2024-09-20 00:00:00-04:00,185.0,187.83999633789062,184.32000732421875,187.42999267578125,9895000.0,0.0,0.0,GE,
2024-09-20 00:00:00-04:00,90.3499984741211,91.12999725341797,89.59500122070312,90.27999877929688,9492300.0,0.0,0.0,GEHC,
2024-09-20 00:00:00-04:00,243.22999572753906,250.8489990234375,242.25,245.4600067138672,4107400.0,0.0,0.0,GEV,
2024-09-20 00:00:00-04:00,26.6200008392334,26.649999618530273,26.1299991607666,26.479999542236328,13942400.0,0.0,0.0,GEN,
2024-09-20 00:00:00-04:00,142.30999755859375,143.0,140.22999572753906,141.75999450683594,1692600.0,0.0,0.0,GNRC,
2024-09-20 00:00:00-04:00,304.7699890136719,307.760009765625,303.19000244140625,306.8699951171875,7899200.0,0.0,0.0,GD,
2024-09-20 00:00:00-04:00,75.16999816894531,75.33000183105469,74.25,74.51000213623047,9129800.0,0.0,0.0,GIS,
2024-09-20 00:00:00-04:00,48.2400016784668,49.0,47.900001525878906,48.880001068115234,18090000.0,0.0,0.0,GM,
2024-09-20 00:00:00-04:00,138.58999633789062,138.67999267578125,135.97000122070312,137.02000427246094,1358200.0,0.0,0.0,GPC,
2024-09-20 00:00:00-04:00,83.26000213623047,83.98999786376953,82.75,83.94000244140625,24925700.0,0.0,0.0,GILD,
2024-09-20 00:00:00-04:00,112.30000305175781,112.30000305175781,109.86000061035156,110.69000244140625,2684900.0,0.0,0.0,GPN,
2024-09-20 00:00:00-04:00,106.81999969482422,107.91999816894531,106.2300033569336,106.26000213623047,2836800.0,0.0,0.0,GL,
2024-09-20 00:00:00-04:00,159.11000061035156,161.0,158.47999572753906,160.5500030517578,2044100.0,0.0,0.0,GDDY,
2024-09-20 00:00:00-04:00,500.19000244140625,502.04998779296875,495.4800109863281,498.42999267578125,4452200.0,0.0,0.0,GS,
2024-09-20 00:00:00-04:00,29.31999969482422,29.649999618530273,28.969999313354492,29.469999313354492,14495300.0,0.0,0.0,HAL,
2024-09-20 00:00:00-04:00,115.33000183105469,116.56999969482422,114.77999877929688,116.31999969482422,3178000.0,0.0,0.0,HIG,
2024-09-20 00:00:00-04:00,71.30000305175781,71.73999786376953,70.7300033569336,71.20999908447266,1349900.0,0.0,0.0,HAS,
2024-09-20 00:00:00-04:00,402.4100036621094,405.70001220703125,398.3299865722656,404.6600036621094,3447700.0,0.0,0.0,HCA,
2024-09-20 00:00:00-04:00,21.760000228881836,22.010000228881836,21.700000762939453,22.010000228881836,11123800.0,0.0,0.0,DOC,
2024-09-20 00:00:00-04:00,72.30999755859375,72.37999725341797,71.13999938964844,71.1500015258789,2822300.0,0.0,0.0,HSIC,
2024-09-20 00:00:00-04:00,196.39999389648438,198.61000061035156,194.00999450683594,195.42999267578125,2956000.0,0.0,0.0,HSY,
2024-09-20 00:00:00-04:00,132.52999877929688,134.55999755859375,131.5500030517578,134.39999389648438,2446000.0,0.0,0.0,HES,
2024-09-20 00:00:00-04:00,18.790000915527344,18.889999389648438,18.5049991607666,18.809999465942383,30620200.0,0.0,0.0,HPE,
2024-09-20 00:00:00-04:00,225.1699981689453,225.6199951171875,223.57000732421875,224.63999938964844,3133300.0,0.0,0.0,HLT,
2024-09-20 00:00:00-04:00,82.19000244140625,82.20999908447266,80.8499984741211,81.38999938964844,2533500.0,0.0,0.0,HOLX,
2024-09-20 00:00:00-04:00,388.3299865722656,391.8299865722656,387.0,389.8599853515625,6584200.0,0.0,0.0,HD,
2024-09-20 00:00:00-04:00,203.7899932861328,203.7899932861328,201.9600067138672,203.35000610351562,3829800.0,0.0,0.0,HON,
2024-09-20 00:00:00-04:00,32.119998931884766,32.20000076293945,31.6299991607666,31.770000457763672,6532300.0,0.0,0.0,HRL,
2024-09-20 00:00:00-04:00,18.549999237060547,18.84000015258789,18.280000686645508,18.729999542236328,15487400.0,0.0,0.0,HST,
2024-09-20 00:00:00-04:00,97.25,98.29000091552734,96.5199966430664,97.44999694824219,6550200.0,0.0,0.0,HWM,
2024-09-20 00:00:00-04:00,34.709999084472656,34.91999816894531,34.38999938964844,34.7599983215332,37213900.0,0.0,0.0,HPQ,
2024-09-20 00:00:00-04:00,418.80999755859375,427.3399963378906,418.5,426.010009765625,690345.0,0.0,0.0,HUBB,
2024-09-20 00:00:00-04:00,310.0,312.510009765625,307.6400146484375,310.4100036621094,1830100.0,0.0,0.0,HUM,
2024-09-20 00:00:00-04:00,14.899999618530273,14.949999809265137,14.75,14.859999656677246,25316600.0,0.0,0.0,HBAN,
2024-09-20 00:00:00-04:00,267.989990234375,270.07000732421875,266.44000244140625,267.510009765625,2262400.0,0.0,0.0,HII,
2024-09-20 00:00:00-04:00,214.3300018310547,217.85000610351562,213.74000549316406,217.6999969482422,9958800.0,0.0,0.0,IBM,
2024-09-20 00:00:00-04:00,209.9199981689453,210.8699951171875,207.1999969482422,208.72999572753906,3999200.0,0.0,0.0,IEX,
2024-09-20 00:00:00-04:00,515.3200073242188,515.3200073242188,504.4700012207031,506.739990234375,688900.0,0.0,0.0,IDXX,
2024-09-20 00:00:00-04:00,256.5899963378906,256.5899963378906,253.36000061035156,254.32000732421875,1773000.0,0.0,0.0,ITW,
2024-09-20 00:00:00-04:00,66.19999694824219,66.19999694824219,64.98999786376953,65.73999786376953,7670100.0,0.0,0.0,INCY,
2024-09-20 00:00:00-04:00,97.11000061035156,98.0,95.98999786376953,96.7699966430664,3738400.0,0.0,0.0,IR,
2024-09-20 00:00:00-04:00,235.2899932861328,237.94000244140625,231.22999572753906,236.5800018310547,1347100.0,0.0,0.0,PODD,
2024-09-20 00:00:00-04:00,20.889999389648438,23.139999389648438,20.350000381469727,21.84000015258789,259152200.0,0.0,0.0,INTC,
2024-09-20 00:00:00-04:00,159.02000427246094,159.85000610351562,158.22999572753906,159.83999633789062,4843400.0,0.0,0.0,ICE,
2024-09-20 00:00:00-04:00,102.41000366210938,103.38999938964844,101.5999984741211,102.2300033569336,3882900.0,0.4,0.0,IFF,
2024-09-20 00:00:00-04:00,49.720001220703125,50.0,48.650001525878906,48.709999084472656,4931800.0,0.0,0.0,IP,
2024-09-20 00:00:00-04:00,31.489999771118164,31.489999771118164,30.979999542236328,31.110000610351562,8046600.0,0.0,0.0,IPG,
2024-09-20 00:00:00-04:00,644.3599853515625,651.22998046875,638.780029296875,644.989990234375,2961000.0,0.0,0.0,INTU,
2024-09-20 00:00:00-04:00,485.1099853515625,486.29998779296875,480.1600036621094,486.20001220703125,2734000.0,0.0,0.0,ISRG,
2024-09-20 00:00:00-04:00,17.280000686645508,17.309999465942383,17.020000457763672,17.170000076293945,4439200.0,0.0,0.0,IVZ,
2024-09-20 00:00:00-04:00,35.83000183105469,36.09000015258789,35.4900016784668,36.040000915527344,8099400.0,0.0,0.0,INVH,
2024-09-20 00:00:00-04:00,242.0,243.3300018310547,239.02000427246094,242.1199951171875,3159500.0,0.0,0.0,IQV,
2024-09-20 00:00:00-04:00,112.83999633789062,115.56999969482422,112.27999877929688,115.36000061035156,4240800.0,0.0,0.0,IRM,
2024-09-20 00:00:00-04:00,173.47000122070312,173.47000122070312,168.69000244140625,169.00999450683594,1132400.0,0.0,0.0,JBHT,
2024-09-20 00:00:00-04:00,111.87999725341797,114.38999938964844,111.19999694824219,113.95999908447266,5777300.0,0.0,0.0,JBL,
2024-09-20 00:00:00-04:00,175.39999389648438,175.39999389648438,173.00999450683594,173.58999633789062,579700.0,0.0,0.0,JKHY,
2024-09-20 00:00:00-04:00,148.49000549316406,148.7100067138672,147.5800018310547,148.63999938964844,796700.0,0.0,0.0,J,
2024-09-20 00:00:00-04:00,164.3000030517578,164.8699951171875,163.5500030517578,164.16000366210938,11834900.0,0.0,0.0,JNJ,
2024-09-20 00:00:00-04:00,73.7699966430664,74.20999908447266,73.54000091552734,74.0999984741211,7051300.0,0.0,0.0,JCI,
2024-09-20 00:00:00-04:00,209.92999267578125,211.4199981689453,209.5,211.08999633789062,20880900.0,0.0,0.0,JPM,
2024-09-20 00:00:00-04:00,38.880001068115234,39.0099983215332,38.779998779296875,38.900001525878906,14166300.0,0.0,0.0,JNPR,
2024-09-20 00:00:00-04:00,80.6500015258789,80.87999725341797,80.5,80.80999755859375,5842900.0,0.0,0.0,K,
2024-09-20 00:00:00-04:00,22.829999923706055,23.030000686645508,22.709999084472656,23.020000457763672,75871900.0,0.0,0.0,KVUE,
2024-09-20 00:00:00-04:00,37.34000015258789,37.630001068115234,37.29999923706055,37.459999084472656,17177900.0,0.0,0.0,KDP,
2024-09-20 00:00:00-04:00,17.219999313354492,17.329999923706055,16.940000534057617,17.1200008392334,20004500.0,0.0,0.0,KEY,
2024-09-20 00:00:00-04:00,154.2100067138672,154.8000030517578,151.8800048828125,152.4199981689453,1806400.0,0.0,0.0,KEYS,
2024-09-20 00:00:00-04:00,139.77999877929688,141.1300048828125,139.25,140.75,5576100.0,0.0,0.0,KMB,
2024-09-20 00:00:00-04:00,23.09000015258789,23.3700008392334,23.09000015258789,23.239999771118164,7716400.0,0.0,0.0,KIM,
2024-09-20 00:00:00-04:00,21.510000228881836,21.8799991607666,21.459999084472656,21.790000915527344,21988200.0,0.0,0.0,KMI,
2024-09-20 00:00:00-04:00,131.55999755859375,133.47000122070312,131.5,133.22999572753906,5406700.0,0.0,0.0,KKR,
2024-09-20 00:00:00-04:00,762.6500244140625,765.3599853515625,749.260009765625,758.8499755859375,1622600.0,0.0,0.0,KLAC,
2024-09-20 00:00:00-04:00,35.06999969482422,35.369998931884766,34.77000045776367,34.959999084472656,36463600.0,0.0,0.0,KHC,
2024-09-20 00:00:00-04:00,54.83000183105469,55.849998474121094,54.83000183105469,55.38999938964844,9185200.0,0.0,0.0,KR,
2024-09-20 00:00:00-04:00,229.75,233.57000732421875,229.22999572753906,233.2100067138672,1265900.0,0.0,0.0,LHX,
2024-09-20 00:00:00-04:00,223.3800048828125,224.17999267578125,220.30999755859375,222.22000122070312,894300.0,0.0,0.0,LH,
2024-09-20 00:00:00-04:00,776.25,780.0,761.5,773.1900024414062,2925800.0,0.0,0.0,LRCX,
2024-09-20 00:00:00-04:00,64.9800033569336,65.97000122070312,64.47000122070312,65.44000244140625,5336200.0,0.0,0.0,LW,
2024-09-20 00:00:00-04:00,42.189998626708984,42.209999084472656,41.59000015258789,41.97999954223633,7983500.0,0.0,0.0,LVS,
2024-09-20 00:00:00-04:00,155.4199981689453,157.10000610351562,154.7899932861328,157.05999755859375,1484000.0,0.0,0.0,LDOS,
2024-09-20 00:00:00-04:00,185.49000549316406,186.75,181.27000427246094,182.19000244140625,6975800.0,0.0,0.0,LEN,
2024-09-20 00:00:00-04:00,921.989990234375,939.8599853515625,913.2000122070312,921.489990234375,9906700.0,0.0,0.0,LLY,
2024-09-20 00:00:00-04:00,469.5,472.1099853515625,466.75,471.9100036621094,3672700.0,0.0,0.0,LIN,
2024-09-20 00:00:00-04:00,103.94000244140625,104.54000091552734,102.72000122070312,103.63999938964844,6363400.0,0.0,0.0,LYV,
2024-09-20 00:00:00-04:00,40.369998931884766,40.439998626708984,39.959999084472656,40.0099983215332,5118200.0,0.0,0.0,LKQ,
2024-09-20 00:00:00-04:00,563.0800170898438,573.5,562.9400024414062,571.9199829101562,3793700.0,0.0,0.0,LMT,
2024-09-20 00:00:00-04:00,78.9000015258789,79.08999633789062,78.26000213623047,78.54000091552734,1237200.0,0.0,0.0,L,
2024-09-20 00:00:00-04:00,259.2799987792969,261.54998779296875,257.95001220703125,260.1400146484375,4469700.0,0.0,0.0,LOW,
2024-09-20 00:00:00-04:00,270.75,270.760009765625,261.04998779296875,262.6099853515625,2865800.0,0.0,0.0,LULU,
2024-09-20 00:00:00-04:00,94.83000183105469,95.11000061035156,93.12000274658203,94.04000091552734,8485500.0,0.0,0.0,LYB,
2024-09-20 00:00:00-04:00,178.89999389648438,180.25,177.35000610351562,179.55999755859375,2520100.0,0.0,0.0,MTB,
2024-09-20 00:00:00-04:00,27.989999771118164,28.18000030517578,27.709999084472656,27.93000030517578,15239300.0,0.0,0.0,MRO,
2024-09-20 00:00:00-04:00,164.8800048828125,164.97999572753906,160.86000061035156,164.38999938964844,7789900.0,0.0,0.0,MPC,
2024-09-20 00:00:00-04:00,258.3999938964844,259.6600036621094,255.41000366210938,257.2699890136719,1608800.0,0.0,0.0,MKTX,
2024-09-20 00:00:00-04:00,243.89999389648438,244.74000549316406,240.89999389648438,244.38999938964844,3663400.0,0.0,0.0,MAR,
2024-09-20 00:00:00-04:00,223.0399932861328,223.80999755859375,221.80999755859375,223.5500030517578,3813200.0,0.0,0.0,MMC,
2024-09-20 00:00:00-04:00,553.9000244140625,555.8800048828125,543.8699951171875,546.2899780273438,916000.0,0.0,0.0,MLM,
2024-09-20 00:00:00-04:00,82.70999908447266,82.91999816894531,81.86000061035156,82.11000061035156,3544500.0,0.0,0.0,MAS,
2024-09-20 00:00:00-04:00,489.6499938964844,493.5299987792969,487.739990234375,492.739990234375,3470200.0,0.0,0.0,MA,
2024-09-20 00:00:00-04:00,36.470001220703125,36.4900016784668,35.79999923706055,36.29999923706055,12190100.0,0.0,0.0,MTCH,
2024-09-20 00:00:00-04:00,83.22000122070312,83.29000091552734,82.55999755859375,82.98999786376953,4289000.0,0.0,0.0,MKC,
2024-09-20 00:00:00-04:00,292.94000244140625,298.04998779296875,292.8299865722656,296.8299865722656,5816600.0,0.0,0.0,MCD,
2024-09-20 00:00:00-04:00,507.5400085449219,509.79998779296875,504.8800048828125,508.0,1457100.0,0.0,0.0,MCK,
2024-09-20 00:00:00-04:00,89.4800033569336,89.58999633789062,88.73999786376953,89.33999633789062,25369200.0,0.0,0.0,MDT,
2024-09-20 00:00:00-04:00,117.2699966430664,117.5,116.41000366210938,117.16999816894531,21200900.0,0.0,0.0,MRK,
2024-09-20 00:00:00-04:00,560.0,564.5,556.2999877929688,561.3499755859375,22036500.0,0.0,0.0,META,
2024-09-20 00:00:00-04:00,81.0,81.04000091552734,80.55000305175781,80.8499984741211,8989800.0,0.0,0.0,MET,
2024-09-20 00:00:00-04:00,1429.3399658203125,1429.3399658203125,1380.4200439453125,1406.1099853515625,189600.0,0.0,0.0,MTD,
2024-09-20 00:00:00-04:00,37.66999816894531,37.75,36.720001220703125,37.310001373291016,11291700.0,0.0,0.0,MGM,
2024-09-20 00:00:00-04:00,77.26000213623047,77.58000183105469,75.80999755859375,77.01000213623047,14158700.0,0.0,0.0,MCHP,
2024-09-20 00:00:00-04:00,88.4000015258789,90.97000122070312,88.33000183105469,90.9000015258789,28660600.0,0.0,0.0,MU,
2024-09-20 00:00:00-04:00,437.2200012207031,439.239990234375,434.2200012207031,435.2699890136719,55155300.0,0.0,0.0,MSFT,
2024-09-20 00:00:00-04:00,163.8800048828125,164.57000732421875,161.92999267578125,162.4600067138672,2367400.0,0.0,0.0,MAA,
2024-09-20 00:00:00-04:00,67.5999984741211,67.91000366210938,64.69999694824219,65.69000244140625,12418200.0,0.0,0.0,MRNA,
2024-09-20 00:00:00-04:00,153.83999633789062,159.14999389648438,153.3699951171875,157.60000610351562,2764300.0,0.0,0.0,MHK,
2024-09-20 00:00:00-04:00,349.6300048828125,353.3500061035156,347.6199951171875,351.4200134277344,588200.0,0.0,0.0,MOH,
2024-09-20 00:00:00-04:00,54.65999984741211,55.810001373291016,54.209999084472656,54.4900016784668,7048200.0,0.0,0.0,TAP,
2024-09-20 00:00:00-04:00,74.7699966430664,75.48999786376953,74.19000244140625,74.27999877929688,11330200.0,0.0,0.0,MDLZ,
2024-09-20 00:00:00-04:00,899.3400268554688,901.6900024414062,870.8800048828125,891.3200073242188,1267600.0,0.0,0.0,MPWR,
2024-09-20 00:00:00-04:00,51.70000076293945,51.70000076293945,50.9900016784668,51.18000030517578,15195600.0,0.0,0.0,MNST,
2024-09-20 00:00:00-04:00,488.5299987792969,495.1000061035156,487.7699890136719,494.6600036621094,1465200.0,0.0,0.0,MCO,
2024-09-20 00:00:00-04:00,100.87000274658203,102.52999877929688,100.19000244140625,102.47000122070312,14512200.0,0.0,0.0,MS,
2024-09-20 00:00:00-04:00,26.459999084472656,26.559999465942383,25.489999771118164,25.559999465942383,12535500.0,0.0,0.0,MOS,
2024-09-20 00:00:00-04:00,437.3500061035156,442.8900146484375,436.57000732421875,442.57000732421875,1360500.0,0.0,0.0,MSI,
2024-09-20 00:00:00-04:00,550.719970703125,551.530029296875,546.6500244140625,551.4099731445312,811600.0,0.0,0.0,MSCI,
2024-09-20 00:00:00-04:00,74.16000366210938,74.68000030517578,73.5,74.29000091552734,4654400.0,0.0,0.0,NDAQ,
2024-09-20 00:00:00-04:00,119.77999877929688,122.2699966430664,119.66000366210938,122.22000122070312,3193700.0,0.0,0.0,NTAP,
2024-09-20 00:00:00-04:00,705.5499877929688,706.6699829101562,696.3099975585938,701.030029296875,3996200.0,0.0,0.0,NFLX,
2024-09-20 00:00:00-04:00,54.290000915527344,54.689998626708984,53.91999816894531,54.470001220703125,18946400.0,0.0,0.0,NEM,
2024-09-20 00:00:00-04:00,26.530000686645508,26.600000381469727,26.040000915527344,26.34000015258789,7065700.0,0.0,0.0,NWSA,
2024-09-20 00:00:00-04:00,27.899999618530273,27.899999618530273,27.360000610351562,27.68000030517578,2254800.0,0.0,0.0,NWS,
2024-09-20 00:00:00-04:00,82.25,83.76000213623047,82.05000305175781,82.76000213623047,26031100.0,0.0,0.0,NEE,
2024-09-20 00:00:00-04:00,87.87000274658203,88.0,84.80999755859375,86.5199966430664,52024400.0,0.0,0.0,NKE,
2024-09-20 00:00:00-04:00,33.880001068115234,34.13999938964844,33.72999954223633,34.08000183105469,6689000.0,0.0,0.0,NI,
2024-09-20 00:00:00-04:00,258.6300048828125,258.8299865722656,254.00999450683594,255.5800018310547,452700.0,0.0,0.0,NDSN,
2024-09-20 00:00:00-04:00,249.88999938964844,249.88999938964844,246.50999450683594,247.86000061035156,1904400.0,0.0,0.0,NSC,
2024-09-20 00:00:00-04:00,92.62000274658203,92.81999969482422,91.69000244140625,91.9000015258789,2671900.0,0.0,0.0,NTRS,
2024-09-20 00:00:00-04:00,521.0900268554688,526.8200073242188,518.22998046875,525.1300048828125,1330400.0,0.0,0.0,NOC,
2024-09-20 00:00:00-04:00,20.110000610351562,20.940000534057617,20.100000381469727,20.889999389648438,16924300.0,0.0,0.0,NCLH,
2024-09-20 00:00:00-04:00,83.5,87.16000366210938,82.47000122070312,87.08999633789062,6331300.0,0.0,0.0,NRG,
2024-09-20 00:00:00-04:00,148.0500030517578,148.55999755859375,145.27000427246094,146.30999755859375,3915300.0,0.0,0.0,NUE,
2024-09-20 00:00:00-04:00,117.05999755859375,118.62000274658203,115.38999938964844,116.0,382008700.0,0.0,0.0,NVDA,
2024-09-20 00:00:00-04:00,9612.0400390625,9612.58984375,9411.5,9473.009765625,50100.0,0.0,0.0,NVR,
2024-09-20 00:00:00-04:00,233.41000366210938,234.1699981689453,228.5399932861328,231.8800048828125,6787600.0,0.0,0.0,NXPI,
2024-09-20 00:00:00-04:00,1110.22998046875,1122.6500244140625,1104.530029296875,1109.050048828125,880700.0,0.0,0.0,ORLY,
2024-09-20 00:00:00-04:00,51.79999923706055,51.810001373291016,50.880001068115234,51.63999938964844,11373100.0,0.0,0.0,OXY,
2024-09-20 00:00:00-04:00,202.25999450683594,202.25999450683594,192.6199951171875,193.97000122070312,3753200.0,0.0,0.0,ODFL,
2024-09-20 00:00:00-04:00,103.01000213623047,103.33000183105469,101.52999877929688,102.30000305175781,3964400.0,0.7,0.0,OMC,
2024-09-20 00:00:00-04:00,71.04000091552734,71.44000244140625,68.38999938964844,69.56999969482422,12071600.0,0.0,0.0,ON,
2024-09-20 00:00:00-04:00,93.23999786376953,94.5199966430664,93.05000305175781,93.97000122070312,6022900.0,0.0,0.0,OKE,
2024-09-20 00:00:00-04:00,167.1300048828125,168.8300018310547,166.60000610351562,168.0,12186100.0,0.0,0.0,ORCL,
2024-09-20 00:00:00-04:00,95.76000213623047,96.16999816894531,95.04499816894531,95.5199966430664,7946600.0,0.0,0.0,OTIS,
2024-09-20 00:00:00-04:00,98.87000274658203,99.16999816894531,98.37999725341797,98.91000366210938,4183100.0,0.0,0.0,PCAR,
2024-09-20 00:00:00-04:00,214.63999938964844,215.24000549316406,212.11000061035156,212.89999389648438,1002000.0,0.0,0.0,PKG,
2024-09-20 00:00:00-04:00,36.0099983215332,37.290000915527344,35.709999084472656,37.20000076293945,450036500.0,0.0,0.0,PLTR,
2024-09-20 00:00:00-04:00,333.0,341.04998779296875,332.3299865722656,340.1199951171875,3775600.0,0.0,0.0,PANW,
2024-09-20 00:00:00-04:00,10.430000305175781,10.460000038146973,10.279999732971191,10.369999885559082,33505200.0,0.0,0.0,PARA,
2024-09-20 00:00:00-04:00,619.780029296875,626.8400268554688,618.0,623.77001953125,1073800.0,0.0,0.0,PH,
2024-09-20 00:00:00-04:00,133.1699981689453,134.4600067138672,131.8300018310547,133.25999450683594,2411800.0,0.0,0.0,PAYX,
2024-09-20 00:00:00-04:00,173.0,173.2449951171875,168.58999633789062,170.24000549316406,1306300.0,0.0,0.0,PAYC,
2024-09-20 00:00:00-04:00,77.30999755859375,77.56999969482422,75.46199798583984,76.76000213623047,27269300.0,0.0,0.0,PYPL,
2024-09-20 00:00:00-04:00,94.56999969482422,95.26000213623047,93.87999725341797,94.80000305175781,2382000.0,0.0,0.0,PNR,
2024-09-20 00:00:00-04:00,172.57000732421875,173.77000427246094,170.22000122070312,171.17999267578125,12197800.0,0.0,0.0,PEP,
2024-09-20 00:00:00-04:00,29.540000915527344,29.549999237060547,29.229999542236328,29.420000076293945,56869400.0,0.0,0.0,PFE,
2024-09-20 00:00:00-04:00,19.709999084472656,20.110000610351562,19.65999984741211,20.079999923706055,34963700.0,0.0,0.0,PCG,
2024-09-20 00:00:00-04:00,119.5,120.8499984741211,119.16000366210938,120.79000091552734,18371100.0,0.0,0.0,PM,
2024-09-20 00:00:00-04:00,131.60000610351562,131.6199951171875,129.1300048828125,129.97000122070312,6418500.0,0.0,0.0,PSX,
2024-09-20 00:00:00-04:00,89.94000244140625,90.27999877929688,89.25,90.27999877929688,3167000.0,0.0,0.0,PNW,
2024-09-20 00:00:00-04:00,185.92999267578125,187.16000366210938,185.5500030517578,186.36000061035156,2651600.0,0.0,0.0,PNC,
2024-09-20 00:00:00-04:00,368.6400146484375,369.04998779296875,364.1400146484375,364.3699951171875,341800.0,0.0,0.0,POOL,
2024-09-20 00:00:00-04:00,127.3499984741211,127.5,125.38999938964844,126.5,3690500.0,0.0,0.0,PPG,
2024-09-20 00:00:00-04:00,32.13999938964844,32.61000061035156,31.989999771118164,32.459999084472656,11579500.0,0.0,0.0,PPL,
2024-09-20 00:00:00-04:00,85.5,85.73999786376953,84.7699966430664,85.61000061035156,2631300.0,0.0,0.0,PFG,
2024-09-20 00:00:00-04:00,171.50999450683594,174.5399932861328,171.5,174.22000122070312,28640100.0,0.0,0.0,PG,
2024-09-20 00:00:00-04:00,255.2100067138672,259.510009765625,254.1999969482422,259.239990234375,4476700.0,0.0,0.0,PGR,
2024-09-20 00:00:00-04:00,127.69000244140625,127.93000030517578,125.23999786376953,125.47000122070312,8580400.0,0.0,0.0,PLD,
2024-09-20 00:00:00-04:00,121.16999816894531,121.55999755859375,120.41000366210938,121.36000061035156,2966300.0,0.0,0.0,PRU,
2024-09-20 00:00:00-04:00,84.33000183105469,86.83000183105469,84.18000030517578,86.76000213623047,6091700.0,0.0,0.0,PEG,
2024-09-20 00:00:00-04:00,178.60000610351562,178.60000610351562,174.58999633789062,175.89999389648438,1576600.0,0.0,0.0,PTC,
2024-09-20 00:00:00-04:00,357.5,361.7200012207031,355.7900085449219,361.7200012207031,2196300.0,0.0,0.0,PSA,
2024-09-20 00:00:00-04:00,143.27999877929688,143.80999755859375,140.88999938964844,141.86000061035156,7599500.0,0.0,0.0,PHM,
2024-09-20 00:00:00-04:00,101.91000366210938,102.80999755859375,100.54000091552734,102.26000213623047,2669800.0,0.0,0.0,QRVO,
2024-09-20 00:00:00-04:00,286.9700012207031,293.79998779296875,281.6000061035156,290.8900146484375,1349700.0,0.0,0.0,PWR,
2024-09-20 00:00:00-04:00,172.69000244140625,173.07000732421875,164.3000030517578,168.9199981689453,27536200.0,0.0,0.0,QCOM,
2024-09-20 00:00:00-04:00,155.10000610351562,155.10000610351562,152.55999755859375,152.99000549316406,1456300.0,0.0,0.0,DGX,
2024-09-20 00:00:00-04:00,185.25,185.94000244140625,182.99000549316406,185.30999755859375,1320000.0,0.0,0.0,RL,
2024-09-20 00:00:00-04:00,124.37000274658203,124.5,122.87000274658203,124.30999755859375,2076200.0,0.0,0.0,RJF,
2024-09-20 00:00:00-04:00,118.19999694824219,118.88999938964844,117.86000061035156,118.1500015258789,16958300.0,0.0,0.0,RTX,
2024-09-20 00:00:00-04:00,60.560001373291016,61.7599983215332,60.439998626708984,61.630001068115234,12377500.0,0.0,0.0,O,
2024-09-20 00:00:00-04:00,71.83000183105469,72.4000015258789,71.4000015258789,71.58999633789062,2242500.0,0.0,0.0,REG,
2024-09-20 00:00:00-04:00,1145.989990234375,1149.4200439453125,1136.219970703125,1145.030029296875,913900.0,0.0,0.0,REGN,
2024-09-20 00:00:00-04:00,23.280000686645508,23.290000915527344,23.010000228881836,23.110000610351562,15209000.0,0.0,0.0,RF,
2024-09-20 00:00:00-04:00,197.9499969482422,201.49000549316406,197.9499969482422,201.38999938964844,1951100.0,0.0,0.0,RSG,
2024-09-20 00:00:00-04:00,243.19000244140625,245.72999572753906,240.4600067138672,244.94000244140625,1567000.0,0.0,0.0,RMD,
2024-09-20 00:00:00-04:00,124.93000030517578,125.05000305175781,121.76000213623047,122.88999938964844,1349700.0,0.0,0.0,RVTY,
2024-09-20 00:00:00-04:00,265.3500061035156,265.92999267578125,260.010009765625,261.6000061035156,1304900.0,0.0,0.0,ROK,
2024-09-20 00:00:00-04:00,49.77000045776367,50.43000030517578,49.5099983215332,50.150001525878906,3254300.0,0.0,0.0,ROL,
2024-09-20 00:00:00-04:00,554.6099853515625,562.1400146484375,552.4099731445312,558.0399780273438,1507100.0,0.0,0.0,ROP,
2024-09-20 00:00:00-04:00,154.30999755859375,154.47000122070312,153.25999450683594,154.30999755859375,3351600.0,0.0,0.0,ROST,
2024-09-20 00:00:00-04:00,171.00999450683594,174.47999572753906,170.9600067138672,174.0500030517578,2649200.0,0.4,0.0,RCL,
2024-09-20 00:00:00-04:00,523.3900146484375,525.22998046875,520.0,523.6699829101562,1814700.0,0.0,0.0,SPGI,
2024-09-20 00:00:00-04:00,266.010009765625,270.32000732421875,261.32000732421875,266.79998779296875,11460800.0,0.0,0.0,CRM,
2024-09-20 00:00:00-04:00,236.5800018310547,239.60000610351562,235.47999572753906,239.47000122070312,1177100.0,0.0,0.0,SBAC,
2024-09-20 00:00:00-04:00,42.88999938964844,42.88999938964844,42.0,42.40999984741211,22881100.0,0.0,0.0,SLB,
2024-09-20 00:00:00-04:00,103.83000183105469,105.80000305175781,103.83000183105469,104.73999786376953,5499800.0,0.0,0.0,STX,
2024-09-20 00:00:00-04:00,82.83000183105469,83.45999908447266,82.08999633789062,83.18000030517578,4640500.0,0.0,0.0,SRE,
2024-09-20 00:00:00-04:00,920.4199829101562,940.1199951171875,917.3099975585938,937.3599853515625,3609200.0,0.0,0.0,NOW,
2024-09-20 00:00:00-04:00,378.67999267578125,379.5199890136719,375.7099914550781,378.5199890136719,2543500.0,0.0,0.0,SHW,
2024-09-20 00:00:00-04:00,166.4199981689453,167.63999938964844,165.5399932861328,166.5500030517578,6736200.0,0.0,0.0,SPG,
2024-09-20 00:00:00-04:00,98.52999877929688,99.30000305175781,96.9000015258789,97.76000213623047,4966400.0,0.0,0.0,SWKS,
2024-09-20 00:00:00-04:00,119.61000061035156,119.9000015258789,118.11000061035156,118.73999786376953,2338100.0,0.0,0.0,SJM,
2024-09-20 00:00:00-04:00,48.459999084472656,48.5099983215332,46.970001220703125,47.40999984741211,19056700.0,0.0,0.0,SW,
2024-09-20 00:00:00-04:00,284.44000244140625,284.44000244140625,281.6400146484375,283.19000244140625,532400.0,0.0,0.0,SNA,
2024-09-20 00:00:00-04:00,72.02999877929688,72.12999725341797,69.8499984741211,69.94999694824219,4410100.0,0.0,0.0,SOLV,
2024-09-20 00:00:00-04:00,90.12000274658203,90.13999938964844,88.47000122070312,89.69999694824219,9736500.0,0.0,0.0,SO,
2024-09-20 00:00:00-04:00,29.010000228881836,29.420000076293945,28.700000762939453,29.040000915527344,6532600.0,0.0,0.0,LUV,
2024-09-20 00:00:00-04:00,107.08000183105469,107.16999816894531,105.66000366210938,106.93000030517578,2326100.0,0.0,0.0,SWK,
2024-09-20 00:00:00-04:00,96.8499984741211,97.05999755859375,95.31999969482422,96.05000305175781,19540400.0,0.0,0.0,SBUX,
2024-09-20 00:00:00-04:00,88.77999877929688,88.91000366210938,87.5999984741211,88.5,3578200.0,0.0,0.0,STT,
2024-09-20 00:00:00-04:00,116.62000274658203,119.98999786376953,116.62000274658203,119.83000183105469,6833800.0,0.0,0.0,STLD,
2024-09-20 00:00:00-04:00,238.47999572753906,238.58999633789062,235.33999633789062,236.97999572753906,783000.0,0.0,0.0,STE,
2024-09-20 00:00:00-04:00,364.82000732421875,366.5899963378906,362.6000061035156,364.80999755859375,1751600.0,0.0,0.0,SYK,
2024-09-20 00:00:00-04:00,439.17999267578125,458.17999267578125,436.2099914550781,457.2699890136719,7622700.0,0.0,0.0,SMCI,
2024-09-20 00:00:00-04:00,51.06999969482422,51.154998779296875,50.38999938964844,50.58000183105469,7739200.0,0.0,0.0,SYF,
2024-09-20 00:00:00-04:00,510.70001220703125,513.1300048828125,502.5,506.6499938964844,1582600.0,0.0,0.0,SNPS,
2024-09-20 00:00:00-04:00,74.30999755859375,75.48999786376953,73.83000183105469,75.19000244140625,10651600.0,0.0,0.0,SYY,
2024-09-20 00:00:00-04:00,198.1199951171875,199.67999267578125,197.4600067138672,199.44000244140625,12277600.0,0.0,0.0,TMUS,
2024-09-20 00:00:00-04:00,110.45999908447266,110.55000305175781,107.5,108.29000091552734,2665400.0,0.0,0.0,TROW,
2024-09-20 00:00:00-04:00,152.52000427246094,152.94000244140625,147.22999572753906,148.77999877929688,5622100.0,0.0,0.0,TTWO,
2024-09-20 00:00:00-04:00,42.619998931884766,42.86000061035156,42.060001373291016,42.56999969482422,4674400.0,0.0,0.0,TPR,
2024-09-20 00:00:00-04:00,149.3000030517578,154.39999389648438,148.2899932861328,152.8300018310547,4279500.0,0.0,0.0,TRGP,
2024-09-20 00:00:00-04:00,156.89999389648438,157.38999938964844,153.94000244140625,154.75,7389800.0,0.0,0.0,TGT,
2024-09-20 00:00:00-04:00,148.22999572753906,148.75999450683594,146.72000122070312,148.11000061035156,3134000.0,0.0,0.0,TEL,
2024-09-20 00:00:00-04:00,434.45001220703125,437.3399963378906,428.760009765625,432.1300048828125,625600.0,0.0,0.0,TDY,
2024-09-20 00:00:00-04:00,244.4199981689453,244.4199981689453,241.0500030517578,242.5,588900.0,0.0,0.0,TFX,
2024-09-20 00:00:00-04:00,132.2100067138672,132.6699981689453,128.08999633789062,128.9499969482422,4334400.0,0.0,0.0,TER,
2024-09-20 00:00:00-04:00,241.52000427246094,243.99000549316406,235.9199981689453,238.25,99760300.0,0.0,0.0,TSLA,
2024-09-20 00:00:00-04:00,204.3800048828125,205.25999450683594,201.0800018310547,203.3000030517578,14502400.0,0.0,0.0,TXN,
2024-09-20 00:00:00-04:00,88.58000183105469,88.62000274658203,87.4000015258789,87.91000366210938,2529900.0,0.0,0.0,TXT,
2024-09-20 00:00:00-04:00,619.0399780273438,619.0399780273438,608.2000122070312,613.6900024414062,1982800.0,0.0,0.0,TMO,
2024-09-20 00:00:00-04:00,117.76000213623047,118.5,117.55000305175781,117.93000030517578,7021500.0,0.0,0.0,TJX,
2024-09-20 00:00:00-04:00,273.9700012207031,275.7300109863281,271.2300109863281,274.8900146484375,833600.0,0.0,0.0,TSCO,
2024-09-20 00:00:00-04:00,380.95001220703125,387.7099914550781,380.0,384.92999267578125,1905100.0,0.0,0.0,TT,
2024-09-20 00:00:00-04:00,1401.9000244140625,1419.989990234375,1384.050048828125,1408.030029296875,339800.0,0.0,0.0,TDG,
2024-09-20 00:00:00-04:00,237.1699981689453,239.67999267578125,235.3000030517578,238.52999877929688,2199100.0,0.0,0.0,TRV,
2024-09-20 00:00:00-04:00,59.880001068115234,59.93000030517578,57.93000030517578,58.56999969482422,4155800.0,0.0,0.0,TRMB,
2024-09-20 00:00:00-04:00,42.72999954223633,42.810001373291016,42.040000915527344,42.31999969482422,12828400.0,0.0,0.0,TFC,
2024-09-20 00:00:00-04:00,576.8900146484375,579.6900024414062,570.1699829101562,577.7999877929688,1471100.0,0.0,0.0,TYL,
2024-09-20 00:00:00-04:00,61.880001068115234,61.880001068115234,59.45000076293945,60.13999938964844,6068200.0,0.0,0.0,TSN,
2024-09-20 00:00:00-04:00,46.290000915527344,46.369998931884766,45.84000015258789,46.0099983215332,11026200.0,0.0,0.0,USB,
2024-09-20 00:00:00-04:00,74.81999969482422,75.05000305175781,73.45099639892578,73.94000244140625,17433100.0,0.0,0.0,UBER,
2024-09-20 00:00:00-04:00,45.91999816894531,46.18000030517578,45.56999969482422,45.619998931884766,4362800.0,0.0,0.0,UDR,
2024-09-20 00:00:00-04:00,402.0,408.0,400.20001220703125,402.010009765625,1451100.0,0.0,0.0,ULTA,
2024-09-20 00:00:00-04:00,243.47999572753906,245.6199951171875,242.5399932861328,245.38999938964844,6802600.0,0.0,0.0,UNP,
2024-09-20 00:00:00-04:00,52.47999954223633,52.900001525878906,51.939998626708984,52.16999816894531,6254000.0,0.0,0.0,UAL,
2024-09-20 00:00:00-04:00,128.5,129.1999969482422,126.54000091552734,128.60000610351562,14210800.0,0.0,0.0,UPS,
2024-09-20 00:00:00-04:00,787.6300048828125,794.4199829101562,781.3300170898438,783.5999755859375,607500.0,0.0,0.0,URI,
2024-09-20 00:00:00-04:00,571.7000122070312,578.8400268554688,569.6500244140625,575.0,5398300.0,0.0,0.0,UNH,
2024-09-20 00:00:00-04:00,237.16000366210938,239.5500030517578,235.3800048828125,238.02000427246094,841600.0,0.0,0.0,UHS,
2024-09-20 00:00:00-04:00,136.66000366210938,137.02000427246094,132.89999389648438,134.4600067138672,7362200.0,0.0,0.0,VLO,
2024-09-20 00:00:00-04:00,62.33000183105469,62.970001220703125,61.9900016784668,62.16999816894531,7075800.0,0.0,0.0,VTR,
2024-09-20 00:00:00-04:00,109.33999633789062,109.76300048828125,108.55000305175781,109.47000122070312,8340500.0,0.0,0.0,VLTO,
2024-09-20 00:00:00-04:00,181.67999267578125,182.97999572753906,179.77999877929688,181.22000122070312,1828300.0,0.0,0.0,VRSN,
2024-09-20 00:00:00-04:00,265.0899963378906,265.9800109863281,263.4200134277344,264.8500061035156,1639900.0,0.0,0.0,VRSK,
2024-09-20 00:00:00-04:00,43.779998779296875,44.470001220703125,43.650001525878906,44.33000183105469,52667400.0,0.0,0.0,VZ,
2024-09-20 00:00:00-04:00,474.3599853515625,474.92999267578125,463.80999755859375,464.9200134277344,2238600.0,0.0,0.0,VRTX,
2024-09-20 00:00:00-04:00,11.729999542236328,11.760000228881836,11.220000267028809,11.390000343322754,48175000.0,0.0,0.0,VTRS,
2024-09-20 00:00:00-04:00,32.58000183105469,33.08000183105469,32.4900016784668,33.06999969482422,11123500.0,0.0,0.0,VICI,
2024-09-20 00:00:00-04:00,285.5,287.0,283.25,284.7699890136719,27805100.0,0.0,0.0,V,
2024-09-20 00:00:00-04:00,99.7300033569336,108.26000213623047,97.8550033569336,107.87999725341797,23348500.0,0.22,0.0,VST,
2024-09-20 00:00:00-04:00,258.17999267578125,258.17999267578125,250.74000549316406,252.0500030517578,1697600.0,0.0,0.0,VMC,
2024-09-20 00:00:00-04:00,57.150001525878906,57.75,57.0099983215332,57.45000076293945,5837100.0,0.0,0.0,WRB,
2024-09-20 00:00:00-04:00,1025.219970703125,1037.22998046875,1019.7999877929688,1032.219970703125,323600.0,0.0,0.0,GWW,
2024-09-20 00:00:00-04:00,177.77999877929688,179.27999877929688,176.64999389648438,179.22000122070312,1828000.0,0.0,0.0,WAB,
2024-09-20 00:00:00-04:00,8.920000076293945,8.960000038146973,8.630000114440918,8.710000038146973,48972100.0,0.0,0.0,WBA,
2024-09-20 00:00:00-04:00,78.2300033569336,79.61000061035156,78.11000061035156,79.05999755859375,39530500.0,0.0,0.0,WMT,
2024-09-20 00:00:00-04:00,93.19999694824219,94.01000213623047,92.81999969482422,93.75,19249300.0,0.0,0.0,DIS,
2024-09-20 00:00:00-04:00,8.300000190734863,8.40999984741211,8.1899995803833,8.239999771118164,47427700.0,0.0,0.0,WBD,
2024-09-20 00:00:00-04:00,203.44000244140625,204.97000122070312,202.44000244140625,204.10000610351562,2240700.0,0.0,0.0,WM,
2024-09-20 00:00:00-04:00,334.8299865722656,337.489990234375,327.92999267578125,336.55999755859375,610100.0,0.0,0.0,WAT,
2024-09-20 00:00:00-04:00,94.20999908447266,94.8499984741211,93.77999877929688,94.72000122070312,3283300.0,0.0,0.0,WEC,
2024-09-20 00:00:00-04:00,55.349998474121094,56.290000915527344,54.880001068115234,56.290000915527344,45275600.0,0.0,0.0,WFC,
2024-09-20 00:00:00-04:00,123.9800033569336,126.30000305175781,123.05000305175781,125.2699966430664,10565700.0,0.0,0.0,WELL,
2024-09-20 00:00:00-04:00,309.8599853515625,311.8999938964844,306.2099914550781,308.1499938964844,732100.0,0.0,0.0,WST,
2024-09-20 00:00:00-04:00,65.25,66.87999725341797,64.9800033569336,66.75,7683600.0,0.0,0.0,WDC,
2024-09-20 00:00:00-04:00,33.65999984741211,33.65999984741211,33.04999923706055,33.2400016784668,7981300.0,0.0,0.0,WY,
2024-09-20 00:00:00-04:00,44.65999984741211,45.529998779296875,44.5099983215332,45.380001068115234,9237800.0,0.0,0.0,WMB,
2024-09-20 00:00:00-04:00,288.1700134277344,288.989990234375,286.0,288.3500061035156,988200.0,0.0,0.0,WTW,
2024-09-20 00:00:00-04:00,79.93000030517578,79.98999786376953,78.48999786376953,79.70999908447266,2394900.0,0.0,0.0,WYNN,
2024-09-20 00:00:00-04:00,64.43000030517578,64.68000030517578,64.05000305175781,64.12999725341797,7665800.0,0.0,0.0,XEL,
2024-09-20 00:00:00-04:00,135.82000732421875,136.30999755859375,133.77000427246094,134.80999755859375,2267000.0,0.0,0.0,XYL,
2024-09-20 00:00:00-04:00,130.75999450683594,130.91000366210938,128.72000122070312,129.7100067138672,3272700.0,0.0,0.0,YUM,
2024-09-20 00:00:00-04:00,362.42999267578125,367.55999755859375,360.0199890136719,366.760009765625,596300.0,0.0,0.0,ZBRA,
2024-09-20 00:00:00-04:00,105.56999969482422,106.73999786376953,105.01000213623047,106.41999816894531,3920000.0,0.0,0.0,ZBH,
2024-09-20 00:00:00-04:00,192.94000244140625,194.5500030517578,191.07000732421875,192.63999938964844,3520700.0,0.0,0.0,ZTS,
